"event","experiment time","system time","system time text"
"START",0.000000000000000E0,1.636295875184627E9,"2021-11-07 15:37:55.185 UTC+01:00"
