"event","experiment time","system time","system time text"
"START",0.000000000000000E0,1.636482987489252E9,"2021-11-09 19:36:27.489 UTC+01:00"
