"event","experiment time","system time","system time text"
"START",0.000000000000000E0,1.636365839377215E9,"2021-11-08 11:03:59.377 UTC+01:00"
